,To_State_0,To_State_1,To_State_2,To_State_3
From_State_0,0.6235946210915336,0.06051145117018839,0.17325810774292372,0.1426358199953543
From_State_1,0.055343512388486074,0.702374939468864,0.12198210042662469,0.12029944771602537
From_State_2,0.059449930826996546,0.05932695407478602,0.8812231150982175,2.6783748441848254e-112
From_State_3,0.06801541675276819,0.0647048468838193,2.997615461113099e-10,0.867279736063651
